company_name;num_female_founders;num_male_founders
0pass;0;2
10by10.io;1;0
1849 Bio;0;2
1Flow;0;1
1build;0;1
1stCollab;1;2
222;0;3
64x Bio;1;3
70 Million Jobs;0;1
91Squarefeet;0;5
A1Base;1;1
ACX;2;0
AI Insurance;0;1
AI Sell;0;1
ALPHS;1;0
AOA;2;1
AON3D;0;3
API Tracker;0;3
AXAR AI;0;1
AXDRAFT;0;2
Aalo Design;0;1
Abacum;0;2
Abacus;0;2
Abalone Bio;0;2
Abatable;1;1
Abbot;0;2
Abel;0;2
Abel Police;0;1
Able Health;1;1
Able Jobs;0;3
Abridge;1;1
Abstra;0;1
Abundant;0;3
Accend;1;2
AccessOwl;0;2
Accord;0;3
Accountable;0;2
Acorn Biolabs;0;2
Acre Designs;1;1
Actionbase;0;1
Actiondesk;0;3
Actipulse Neuroscience (YC W22);0;2
Activeloop;0;3
Activepieces;0;2
Adagy Robotics;2;0
Adam;0;3
Aden;0;1
Aditto;0;2
Adla;1;0
Admyral Technologies;0;2
Adni;1;2
Advano;0;2
AdvantageClub.ai;0;2
Adventris Pharmaceuticals;1;2
Adventurous Co;1;1
Adyn;1;0
Aedilic;0;2
AeonCharge;1;1
Aerones;1;1
Aerotime;0;2
Aesthetic;0;4
Aether;1;2
Affil.ai;0;2
Affinity Learning;0;2
Affogato AI;0;3
AfterQuery;0;3
Afternoon;0;2
Agave;1;3
AgendaPro;0;4
AgentHub;0;1
Agentic Labs;0;2
Agentin AI;0;1
Agentive;0;3
Aglide;0;2
Agnoris;0;2
AiFlow;0;2
AiPrise;0;2
AiSDR;0;2
AiSupervision;0;2
Aidy;0;3
AirMyne;0;2
AirX;0;2
Airbyte;0;2
Airfordable;1;2
Airfront;1;1
Airgoods;0;3
Airhart Aeronautics;0;2
Airmada;0;2
Airship;0;2
Airtrain AI;0;1
Airwork;0;1
Ajaib;1;1
Akido Labs;0;3
Akiflow;0;2
Aklimate;0;3
Akudo;1;2
Akute Health;0;1
Alaan;0;2
Alacrity;0;1
Alai;0;2
Alana;0;3
Albedo;0;4
Albiware;0;2
Alchemy;1;1
Aldara;0;2
AlemHealth;0;2
Aleph;0;2
Alex;0;1
Alfie Health;0;3
Alga Biosciences;2;1
Algen Biotechnologies;0;1
AlgoTest;0;1
AlgoUniversity;0;3
Algofi;0;2
Algoriz;1;0
Alguna;0;2
Alice tech;1;1
Alima;1;1
Alinea;2;1
Alixia;1;1
AllSome;2;0
Allo;1;0
Alloy Automation;1;1
Allpro Technologies;1;1
Alltruists;1;0
Allure Systems;1;1
Alma Financial;1;0
Almond;2;0
Alpas;1;1
Alpha Vantage;0;2
AlphaWatch AI;0;2
Altay Therapeutics;0;2
Alterya;0;2
Altius Analytics Labs;0;2
AltiusHub;0;2
Alude;0;3
Amal Invest;0;1
Amber AI;1;1
Amberbox Gunshot Detection;0;1
Amby Health;0;2
Amenli;0;3
Amiloz;0;2
AminoAnalytica;0;3
AmpUp;0;3
AnFin;0;3
Anakin;0;1
Anaphero;0;2
Anara;0;1
Anarchy;0;2
Ancana;0;2
AnchorUSD;0;1
And AI;0;2
And Comfort;1;1
Andi;1;1
Andoria;0;2
Andromeda Surgical;0;2
Andson Biotech;0;1
Andy AI;1;1
Angle Health;0;2
Anglera;0;2
Anima;1;1
Anima App;0;3
Anja Health;1;0
Anjuna;0;2
AnnieCannons;2;0
Ansa Biotechnologies;0;3
AnswerGrid;0;2
AntWalk;0;5
Anthrogen;0;3
Apartio;0;2
Apero Health;1;1
Apollo Group;0;1
ApolloShield;1;1
Apoxy;0;1
AppX;0;2
Appcanary;0;2
Apply Design;0;2
Apprecio;0;1
Apprentice Health;0;2
Apriora;0;2
Apten;0;2
Apurata;0;2
Aqua;0;2
Aqua Voice;0;2
Aquarium;0;2
Aragorn AI;1;2
Arc Technologies;1;2
Arcane;0;2
Archbee;0;1
ArchiLabs;0;2
Archon;0;2
Arcimus;0;2
Ardis AI;1;2
Arengu;0;2
Ares Industries;0;3
Argil;0;2
Argo;0;1
Argon AI;0;2
Argovox;0;2
Argus;0;2
Ariglad;1;1
Arini;0;2
Arintra;1;1
Arist;1;3
Armilla AI;0;4
Arpari;1;1
Arpeggio Bio;1;2
Arpio;0;2
Array Labs;0;2
Arrow_1;1;2
Arrow_2;1;1
Arroyo;0;2
Art in Res;1;2
Artemis Labs;0;1
Artie;1;1
Artifact_1;0;2
Artifact_2;0;3
Artificial Societies;0;2
Artisan AI;0;2
Artos;0;2
Artzstudio;0;3
Arva AI;0;2
Ascen;0;1
Asha Health;0;2
Aspect;0;1
Aspen Cloud;0;2
Assembly;1;4
Assembly HOA;0;2
Asterisk;0;3
Asteroid;0;2
Astrix Health;0;2
Astro Energy;0;1
Astro Mechanica;0;1
AstroForge;0;2
AthenaHQ;0;2
Athens Research;0;1
Athina AI;0;4
Atlas;1;4
Atmana;0;1
Atmos;0;4
Atomic;0;2
Atomic Alchemy;0;1
Atomic Industries;1;2
Atomized;0;3
Atopile;0;3
Atoptima AI;0;1
Atri Labs;1;1
Atrium LTS;1;3
Attain;0;2
Attunement;2;0
AudioFocus;0;1
Audm;0;2
Augento;0;4
Augmented Radar Imaging;0;1
Aura Vision;0;2
Aurabeat;0;2
Aurelian;0;2
Auricle;0;2
Auro Robotics;0;3
AuroraQ;1;1
AuthZed;0;3
Authologic;0;3
AutoComputer;0;2
AutoHub;0;2
AutoPallet Robotics;0;2
Automat AI;0;2
Automorphic;0;3
Autotab;0;1
Autumn Labs;0;3
AvairSense;0;2
Avawatz;0;1
Avenue;0;2
Aviary;1;0
Aviator;1;1
Avina;0;3
Avion School;0;2
Aviron Interactive;1;1
Avo;0;1
Avoca;1;1
Avocademy;2;0
Avocado;0;2
Awesometalk;0;1
Awtomatic;1;2
Axal;1;1
Axflow;0;2
Axiom;0;2
Axiom AI;0;3
Axis;1;1
Axite Labs;0;1
Axle Health;0;2
Axle Labs;0;3
Axolo;1;1
Axross;0;2
Azalea Robotics Corporation;0;2
Azuki;2;3
BBy;0;1
BHRD;0;1
BUMP;0;2
BabylonAI;0;2
Backdrop (formerly Twig);2;0
Backlot;0;2
Backpack;0;2
Bakool;1;1
Ballerine;1;2
Balto;1;2
Banabo;0;1
Bananas;0;2
Bandit ML;0;3
Banner;0;2
Baraka;0;1
Basalt Tech;0;2
Basedash;0;1
Baseline AI;1;1
Baselit;0;3
Basement App;0;2
Basepilot;0;2
Baseplate;1;1
Baserun;1;0
Basilica;0;3
Basis;0;2
Battle Agents;0;1
Battlecard;0;2
Bayesline;0;2
Be Golden;1;0
BeWell Digital;0;2
Beacons;0;4
Beam;0;2
Beanstalk;0;2
Bear Flag Robotics;0;2
BearBuzz;0;2
Beau;1;2
Bedrock;0;1
BeeBettor;0;2
Beek;1;1
Beeper;0;2
BeerMe;0;2
Bego;0;1
Bemlo;0;5
Ben;0;2
Benchify;0;2
Bend;0;2
Benepass;1;2
Bensen AI;0;2
Bento;1;0
Berbix;0;2
Berilium;0;3
Berri AI;0;2
Berry;0;1
Better Financial Corporation;0;2
BetterBasket;0;2
Beyond Aero;1;2
Bicycle AI;0;3
BidSight;0;3
Bifrost;0;2
Bifrost Orbital;0;2
Big Smart AI;0;2
BiggerPicture;1;1
Bikry;0;2
Bilanc;0;1
Bild AI;0;2
Bindwell;0;2
Binks;1;1
BioRender;1;2
Biobot Analytics;2;0
Biocartesian;0;2
Biodock;0;2
Birdie;0;3
BiteSight;0;2
Bits;0;1
Bitstack;0;2
Bizzy;2;0
BlaBla Edtech;0;1
Blacksmith;0;3
Blacktop Hoops;0;3
Blair;0;3
Bland AI;0;2
Blast;0;2
Blaze;1;1
Blaze Payments;0;3
Blee;0;1
BlindPay;0;4
Blink Last Mile;0;4
Blitz;0;1
Blitzllama;0;3
Blixo;0;1
Blockscope;0;2
Blocksfabrik;0;2
Blockspring;0;3
Blok;1;0
Bloom;0;3
Bloom Community;1;0
BloomAPI;0;1
BloomJoy;0;3
Bloomberg Second Measure;1;1
Bloop.ai;0;2
Blue Onion Labs;1;1
BlueCargo;2;1
BlueHill Payments;0;2
BlueLots;0;2
Blueberry Pediatrics;0;2
Bluebirds;0;2
Bluebook;0;6
Bluedot;2;3
Bluelight;0;3
Blume Benefits;0;3
Blushh;1;4
Blyss;0;2
Bobidi;1;1
Bodyport;1;1
BoldVoice;1;1
Bolster;0;2
Bolto;0;3
Bonsai;0;3
Boom Supersonic;0;3
Boost Biomes;0;2
Boostly;0;2
Booth AI;0;2
Bot MD;1;1
Bot Orange;0;2
BotBuilt;0;3
BotCity;0;2
Botin;1;3
Bottomless;1;1
Boundary Layer Technologies;0;2
Boundless Immigration;1;2
Boya;0;2
Bracket;0;3
BrainHi;0;2
Brainbase;0;1
Brainboard;0;2
Bramble;0;3
Branch AI;0;2
Brave Care;0;2
Breadcrumbs.io;0;3
Breadfast;0;3
Breaker;1;1
Breathe Well-being;0;2
Bree;0;2
Brevy;1;2
Brewit;0;3
Brick Health;0;1
BricksAI;0;2
Bridgecard;1;1
Briefer;0;2
BrioHR;0;2
Bristle;0;4
Brite Benefits;0;1
Broad;0;2
Bronco AI;0;2
Brown Foods;1;2
Browser Buddy;0;3
Browser Use;0;2
Bucket Robotics;0;2
Bueno Finance;0;2
Buglife;0;2
Buho Contable;0;2
BuildBuddy;0;2
BuildJet;1;1
BuildPlane;0;3
BuildScience;0;2
BuildStream;0;4
Bujeti;0;2
BukuWarung;1;3
Bun;0;1
Bunkerhill Health;0;2
Bunkyr;0;2
Bunting Labs;0;2
Buoyant Aero;0;2
Bus.com;0;2
Business Score (YC S19);0;1
BusinessOnBot;0;4
Buster;0;2
Buttermilk;1;0
Buy Me a Coffee;1;2
Buycoins;2;1
Byte Kitchen;0;3
Byterat;1;2
COUTURME;1;0
CSPA;0;3
CTGT;0;2
Cabal;0;2
Cache;0;2
Caddie;0;2
Cadence;1;3
Caelum Health;1;1
Café;0;2
Cair Health;0;2
Caire Health;0;3
Cairns Health;0;4
Cakework;1;2
California Dreamin;1;1
Calii;0;2
Call9;1;2
Callback;0;2
Calltree AI;0;2
Camber;1;2
Cambio;0;2
CambioML;2;0
Cambridge Cancer Genomics;1;3
Cambridge Mask Co;0;1
Camelan;1;0
Camelot.ai;1;2
Camfer;0;3
Camlist;1;1
Camp;1;2
Campfire;0;2
Campfire (YC W22);1;1
Can of Soup;0;2
Candor;1;1
CandorIQ;0;2
Canix;1;1
Canvas AI;0;1
Capi Money;0;3
Capitol AI;0;2
Capix;0;1
Capsule;2;0
CarDash;0;3
Carbon Crusher;0;2
Carbon-12 Labs, Inc.;0;3
CarbonChain;0;4
Carbonfact;0;3
CardLift;0;1
Cardamon;0;2
Cardda;0;2
Cardinal;0;2
Cardinal Gray;0;3
Care Weather;0;2
CareLedger;0;2
CareRev;1;1
CareSkore;0;2
Career Karma;0;3
CareerTu;1;0
Careerist;0;3
Cargo;0;2
Carma;0;2
Carousel Technologies;0;2
Carry;1;1
CartPanda;0;1
Cartage;0;3
Cartcam;0;1
Carupi;0;1
Casca;0;2
CaseGuide;0;1
Caseflood.ai;1;2
Casehopper;1;1
Cash Flow Portal;0;1
CashBook;0;2
Cashboard;0;1
Cashmere;0;1
Casixty;0;2
Castle;0;3
Castled.io;0;3
Castodia;1;1
Catch;1;1
Catena Biosciences;0;3
Cedalio;1;2
Cedana;0;2
Cedar;1;1
Cekura;0;2
Cekura AI;0;3
Celest;0;1
Cenote;1;2
Centaur Labs;0;3
Centauri AI;0;3
Central;1;2
Centralize;0;2
Cera;1;1
Cercli;0;2
Cerebrium;0;3
Cerelyze;0;1
Cero.AI;0;3
Cerrion;0;3
Certainly Health;0;2
Cerulion;0;2
Chaos Genius;1;1
Charge Running;1;2
Chargehound;0;1
Chariot;0;3
Chart;0;1
Chaser;0;2
Chatbiz.id;0;1
Chatfuel;0;2
Chatpay;0;1
Chatter;0;2
Chatwoot;0;3
Checkars;0;2
Cheddar Card;0;1
Cheers;0;1
CheqUPI;0;2
Cheqout;0;3
Cherry;2;0
Cherry Recommends;0;2
Chillabit;2;2
Chima;2;0
Chordio;0;3
Chorrie;1;1
Chorus Meditation;1;2
Chorus Sleep;1;2
Chowdeck;0;3
Chutney;1;1
Cinapse;1;3
Circa;0;3
Circle;1;1
Circleback;0;2
Circlemind;0;3
Ciro;0;3
Cisterna Biologics;0;1
Cityfurnish;0;2
Clad;0;1
ClaimSorted;0;2
Claire;1;1
Clara;0;2
Clara Labs;0;2
Clarity.so;1;1
Clarum;0;2
Clay;0;2
Cleancard;0;2
Clear;1;0
ClearBrain;0;2
Clearest Health;0;2
Clearly AI;1;1
Clearmix;0;1
Cleva;0;2
Clew;0;2
Clicoh;0;4
Clinikally;0;2
ClipDrop;0;3
Cloosiv;0;2
Closure;0;2
Cloud Workout;0;2
CloudCruise;1;2
CloudEagle.ai;1;1
Cloudanix;0;2
Cloudaxis;0;1
Cloudchipr;0;2
Cloudstitch;0;2
Cloudthread;0;3
Clueso;0;3
Clupp;1;1
CoCrafter;1;2
CoLab Software;0;2
CoVerified;1;3
Coba;0;4
Coblocks;1;1
Coco;0;3
Coco Pago;0;3
Cococart;0;2
Cocoon_1;3;0
Cocoon_2;0;2
CocuSocial, Inc.;1;1
CodeAnt AI;0;2
CodeComplete;1;1
CodeCrafters;0;2
CodeParrot;0;2
CodeStory;0;2
CodeStream;0;5
CodeViz;0;2
Codeball;0;2
Codebuff;0;2
Coderhouse;0;3
Codes Health;0;3
Codex;0;3
Cofactr;0;2
CoffeeAI;0;2
Cognition IP;0;2
Cognito;0;3
Cogram;0;2
Cohere;1;2
CoinBundle;0;1
CoinTracker;0;2
Coinfeeds;1;1
Coinrule;0;3
Coldreach;1;1
Collate;1;1
CollectWise;0;2
Collectly;0;2
College Pulse;0;2
Color Dating;0;1
Comet Healthcare;1;1
Comfy Deploy;0;2
Command AI;0;3
Commery;0;3
CommodityAI;0;3
CompUp;0;2
Compgun;0;2
Complete;1;1
Compose.AI;0;3
Compound;0;1
Compra Rapida;0;2
Comradery;0;1
Concord Materials;0;1
Concourse;0;2
Conductor Quantum;0;2
Conduit_1;0;2
Conduit_2;1;1
Cone Software;0;3
Confident AI;0;2
Conntour;0;2
Constant;0;1
ConstructVR;0;2
Constructable;2;1
Consus;0;1
Conta Simples;0;4
ContaLink;0;1
ContainIQ;0;2
Continue;0;2
Contour;0;2
ContraForce;0;2
Contraline;0;2
Contrario;0;2
ControlHub;0;2
Conveo;0;3
Convex;0;3
Convictional;0;2
ConvoStats;0;1
Convoy;0;1
Coolstar;1;1
Coperniq Inc.;0;2
Copia;2;0
Copilot;0;2
CopyCat;0;3
Coral Labs;1;1
CoreCare;0;5
Corefin;0;2
Corgea;0;1
Corgi;1;1
CorgiAI;0;1
Coris;0;2
Corrily;0;2
Corvus Robotics;1;0
Cosine;0;3
Cosmic;0;2
Cotera;0;1
Cotter;1;3
Coupl;0;2
Courier;0;1
Coval;1;0
Covela;1;1
Cover;1;3
Coverage Cat;0;2
Covetly;0;4
Covie;0;3
Cowlar;0;2
Cowrywise;0;2
CozmoX AI (YC W22);1;1
Cracked;1;1
Cradle;0;2
CraftOS;0;1
Craftwork;1;3
Craniometrix;0;1
Crave Solutions AI;0;1
Craze;0;1
Craze Technologies;0;2
CreatorML;0;1
CreatorOS Inc;0;4
Credibook;1;2
Credy;0;2
Creo;0;2
Crew.work;0;2
Criya;1;0
Cron;0;1
CrowdAI;1;2
CrowdAmp Inc.;1;2
CrowdVolt;1;2
Crustdata;0;3
Cuanto;0;3
Cuboh;0;2
Cuckoo;0;2
Culdesac;0;2
Culture Biosciences;0;2
Cumbuca;0;1
Curacel;0;2
CureSkin;0;2
Curebase;0;1
Curious Fictions;1;0
Curo;0;2
Current Foods;1;2
Curri;0;2
Curtsy;1;3
Curvenote;1;1
CustomerOS;1;2
Customily;1;1
Cutr;0;3
Cyble;1;1
Cypher Wallet;0;1
D-ID;1;2
DAGWorks;0;2
DGI Apparel;0;3
DIME;0;2
DM Tiger;0;1
DaLMatian;0;3
Daedalus;0;1
Dagger;1;2
Daily.co;2;1
DailyBot;0;2
DailyDoctor;0;2
DailyPe;0;1
Dalus;0;2
Dapi;0;3
Darrow;1;2
Darsel;0;1
Dart;0;2
Dartboard Energy;0;2
Dashblock;0;2
Dashlabs.ai;0;6
Dashworks;0;2
Data Driven Bioscience;0;1
DataShare;0;1
Datacurve;1;1
Dataherald;0;2
Dataleap;0;2
Datamode;0;2
Datasaur;0;1
Datlo;2;1
Datree;0;3
David AI;0;2
Daybreak Health;0;3
Dayra;0;1
Dbrain;0;4
Deako;0;2
Dealls Jobs;0;1
Deasie;0;3
Debrief;0;2
Decent;0;4
Decentro;0;2
Decipher AI;0;2
Decisional AI;0;3
Decoda Health;0;2
Decoherence;0;2
Deed;1;2
Deep Meditate;0;1
DeepNight;0;2
DeepSim;0;3
Deepgram;0;2
Deepnote;0;4
Defer;0;2
Defog;1;1
Delee;1;2
Delegasi;0;2
Delfino AI;2;0
Delight;1;1
Delineate;1;1
Delphia;0;4
Delve;1;1
Demand Curve;0;4
Demeanor.co;0;4
Demeter;1;1
Demigod;0;3
Demo Gorilla;0;2
Demodesk;1;1
Demonpore;0;1
Demospace;0;2
Dendron;0;1
Denormalized;1;1
Depict;0;2
Depot;0;2
Deskimo;0;2
Dev Tools AI;0;2
DevFlight;0;2
Devdraft;1;1
Devyce;0;3
Dex_1;1;1
Dex_2;0;1
Dexter;2;1
Dharma Labs;0;2
Dialect;0;3
DianaHR;1;1
Diffusion Studio;0;2
Digi;0;3
Digi-Prex;0;1
Digistain;0;2
DigitalCarbon;0;2
Diligent;0;2
Dime;0;2
Dimely;0;2
Dinesafe.org;0;1
Dioptra.ai;1;2
DioxusLabs;0;1
Direct Match;1;1
Disclo;1;1
Disclosures.io;0;3
Distro App;0;1
Dittofeed;0;2
Dive Health;1;1
Diversion Company;1;1
DocTalk;0;3
DocVita;0;1
Docbot;0;4
Dockup;0;2
Docsum;0;2
Doctor Droid;0;2
Docucharm;0;2
Dodo;0;3
DolarApp;0;1
Dollyglot;0;2
Domu;1;1
Doorport;0;2
Doppler;0;3
Dorian Therapeutics;2;0
DoseDr;0;3
Dots;0;4
Double_1;0;3
Double_2;0;1
Dover;1;2
Dr. Treat;1;2
DraftAid;0;3
Draftbit;0;3
Draftwise;0;3
Dragoneye;0;1
Drahim;0;2
Drapr;0;3
Dream3D;0;2
DreamCraft;1;1
DreamRP;1;1
DreamWorld;0;2
Dressd;1;1
Drift Bio;0;2
Drifting in Space;1;1
Driftly;0;2
Drillbit;0;2
Dripos;0;2
Driver;0;2
Drivingforce;0;1
Dropezy;1;1
Dropleaf;0;2
Dropprint Genomics;2;1
DryMerge;0;2
Duckie;1;1
Duckly;0;2
Duffel;0;1
Duffl;0;5
Duplo;1;2
Durate;0;2
Durioo;0;1
Dynamo AI;0;2
Dyneti Technologies;2;0
EARTH AI;0;1
ECSA;0;3
EPIC AEROSPACE;0;1
EPICODE;0;5
EXO Freight;0;2
Easol;1;2
EasyCode;0;2
Easyplan;1;1
Eat Blueprint;0;1
Eazipay;0;3
Echoes HQ;0;1
Eclipse Foods;0;2
Ecliptor;1;1
Eden;0;3
Eden Care Medical;0;1
EdenFarm Indonesia;0;3
Edexia;0;2
EdgeBit;0;3
EduRev;0;2
Education Ecosystem;0;1
Educato AI;0;3
Eduflow;0;3
Edwin;0;3
Edyst;0;2
Eggnog AI;0;2
Ego Live;1;1
Egress;0;2
Ekho Dealer;1;1
Elayne;1;1
Electric Air;0;3
ElectroNeek;0;4
Elementary Data;1;1
Elessar;0;1
Elevate AI;1;1
Elevate Pay;0;3
Eleventh;1;3
Ellipsis;0;2
Ello;1;2
Elodin;0;5
Elph Network;0;5
Elpha;1;2
Elphinstone;0;2
Elto;0;2
Elucd;0;1
Elucify;0;3
Elyos Energy;1;2
Ember Copilot;1;1
Ember Robotics;2;0
Emerge Career;0;2
Emerge Tools;0;2
Emi Labs;0;2
Emigre;0;1
Emobi;1;0
Emojer;1;2
Emote Education;1;1
Empirical Health;1;1
Empower;0;2
Emptor;0;2
Enable Us;1;3
Encarte;0;2
Encellin;2;1
Encord;0;3
Encore;0;2
Encuadrado;0;2
Endla;0;2
Endpoint Health;0;4
Enerjazz;0;1
Engage Bio;1;1
Enhanced Radar;0;2
Ennerate;0;2
Enode;0;3
Enombic;1;1
Enso;1;1
Entelexo Biotherapeutics;0;3
Entocycle;0;1
Entry;0;2
Entvin;0;3
EnvKey;0;1
Envelope Money;1;1
Envyl;1;3
Enzyme;0;2
Epihub;0;3
Epinoma;0;2
Epsilla;0;2
Epsilon3;1;2
Erad;0;3
Ergo;0;2
Eris Biotech;2;0
Escape;0;2
Escher Reality;1;1
Eugit Therapeutics;0;3
Eugit Therapeutics, Inc;0;1
Eventual;0;2
Ever Loved;1;1
Every;0;2
Evidence;0;2
Evidently AI;2;0
Evo.Do;1;1
Evolvere BioSciences;1;2
Exa;0;2
Exa Laboratories;0;2
ExcepGen;1;1
ExceptionALLY;1;2
Exin Therapeutics;0;3
Exla;0;2
Exosonic;0;2
Expent Inc;0;2
Explo;0;4
Exploding Gradients;0;2
Explorex Technologies, Inc.;0;2
Extend;0;1
Extern;0;2
Eytrix;0;2
EzDubs;0;3
FINNY;2;1
FLOWER CO;1;2
Fabius;0;2
Fable;0;2
Fabric;0;2
Fabricate;0;2
Facio;0;3
Faction;1;0
Factored Quality;0;5
Fair Square Medicare;0;1
Fairway Health;1;2
Fam;0;2
FamPay;0;2
FanCave;0;2
FanPlay Technologies;0;1
Fancy;0;2
Farcast;0;1
Farel;0;2
Farm Theory;1;1
Farmako;0;3
Farmstead;0;2
Fastgen;0;3
Fastpad;0;1
Fat Llama;1;2
Fathom;0;1
Fazeshift;1;1
Feanix Biotechnologies;1;2
Feather_1;0;2
Feather_2;0;2
FeaturePeek;0;2
Federacy;0;2
Felafax AI;0;2
Fella Health;0;3
Fello;0;2
Female Invest;3;0
Fern;0;3
Feroot Security;0;2
Ferveret;0;2
Fetch;0;2
Fetii;0;2
Fiber AI;0;2
Fibo;0;4
Ficra;0;2
Fieldguide;0;2
Fieldproxy;0;2
FifthTry;0;1
Fig;0;2
Fiix;0;2
Filadd;0;1
Fileforge;0;3
Filta;0;1
FinFlx;0;2
Final;0;4
Finary;0;4
Finbar;0;2
Findly (YC S22);0;3
Finex;0;2
Fini;0;1
Finku;1;2
Finley Technologies;0;3
Finmark;0;3
Finni Health;0;2
Finnix;0;3
Finnt;1;1
Finosu;0;2
Finta;0;1
Fintoc;0;2
Fintool.com;0;2
Finvest;0;2
Fira;0;2
Firebender;0;2
Firezone;0;2
FirstIgnite;0;2
FirstSupport;0;1
FirstWork;0;2
Firsthand;0;2
Fit to Form;2;0
FitHub;1;3
Fitia;0;2
FitnessAI;0;1
Fix AI;0;2
Fizz;0;3
Flagright;0;2
Flair Health;2;0
Flair Labs;1;1
Fleek;0;2
FleetWorks Technology;0;2
Fleetzero;0;2
Flex;0;1
Flex Productions;0;1
FlexDesk;1;1
FlexWash Technologies;0;2
Flextock;1;1
Flightcontrol;1;1
Flike;0;2
Flint;0;2
Flinto;0;2
Flip;0;1
Flo Recruit;1;1
Float;0;2
Float Health;2;1
Flockjay;0;1
Flocknet;0;1
Flow.Club;0;2
FlowDeploy;0;1
FlowEQ;2;3
Flowbo;0;2
Flowbot;0;2
Flowdash;0;2
Flower Labs;0;3
FlowiseAI;0;2
Floworks AI;0;2
Flowspace;0;2
FloydHub;0;2
Fluently;0;2
Fluid Markets;0;3
FlutterFlow;0;2
Flux;0;3
Flux Auto;0;2
Flux QR;0;2
FlyCode;0;3
Flyflow;1;0
Focal Systems;0;2
Focal_1;1;1
Focal_2;0;2
Focus Buddy;0;2
Fogbender;0;1
Fondeadora;0;3
Fondo;0;1
FoodCourt;0;2
Forage;0;2
Forerunner;0;2
Foreword;1;1
Forfeit;0;2
Forge;0;2
Forge Automation;0;2
Forge Rewards;0;2
Formal;0;1
Formance;1;1
Formula Insight;0;2
Fortress;0;2
Fortuna Health;1;2
Foster;0;2
Foundation;0;3
Foundry;0;2
Four Growers;0;2
Fractional;1;1
Fragment;0;2
Freestyle;0;2
Frekil;0;2
Fresco;0;2
Fresh Factory;0;3
Freshpaint;0;2
Freterium;0;2
Friday;0;2
FriendSpot;0;2
Frigade;0;2
Friz;1;1
FrontPage;1;3
Fuell;0;2
Fume;0;2
FunctionUp;0;2
Furmacy;1;1
FurtherAI;0;2
Fuse;0;2
FuseAI;1;1
Future Fields;1;2
FutureClinic;0;4
Fuzzbuzz;1;2
G LNK;0;2
GIGI Benefits;2;0
GIMO;0;1
GTRACK Technologies;0;2
Gaiascope;2;0
Gaiia;0;4
Gainful;0;2
Gait;0;2
Galaxy;0;1
Gale;0;3
Galini;0;2
Gallery;0;2
Gamebytes;0;5
Gameday;0;2
Gamerpay;0;5
Gander;0;2
Garage;0;2
Garage Mobility;0;2
Garten;0;1
Gas Pos;0;1
Gather;0;7
Gauge;0;2
Gauss;0;2
Gavel;0;2
Gemnote;2;0
Gen1E Lifesciences;1;1
Genei;0;3
General Agency;0;2
General Proximity;0;1
General Trajectory;0;1
Genie;0;2
Genomelink;0;3
Genuity;0;2
GeoPredict;0;3
Gerald;1;1
Gerostate Alpha;0;3
GetAccept;0;4
Getcho;0;4
Giga ML;1;1
Gigs;0;2
Gigs Live;0;2
GitPrime;0;2
GitStart;0;1
GiveAway;0;3
Glade;0;2
Glass Health;0;2
Glasskube;0;2
Glaze;3;0
Gleam Care;0;1
Glide;1;1
Glide Apps;0;3
Glimmer;0;2
Glimpse;1;4
Glimpsek12;1;1
Global Belly;2;0
Globe;0;2
GlobeDX;0;1
Glocally;0;3
Gloo;0;2
Glow Energy;0;2
Glowing;0;2
Gluetrail;1;1
Gmelius;0;1
GoBuild (fka Brick);0;2
GoJom;0;4
GoLinks;0;1
GoLorry;0;3
Gobillion;0;1
Gold Fig Labs;0;2
GoldenBasis;0;2
GoodCourse;0;2
GoodFin;1;1
GoodHealth;1;1
Goodcover;0;2
Goodkind;0;3
Goodly;0;2
Goosebump;0;2
Gordian Software;0;2
Gotrade;0;4
GovDash;0;3
GovEagle;0;2
GovPredict;0;4
GovernGPT;0;2
Govly;0;3
Grabb-It;0;2
GradJoy;0;2
GradeWiz;0;2
Gradia Health;0;2
GradientJ;0;2
Grai.io;0;2
Granza Bio;0;2
GreaseBoss;0;2
Great Question;0;2
GreenTiger;0;2
Greenboard;0;2
Greenlite;0;2
Greo;1;2
Greptile;1;3
Grey;0;2
Greywing;0;2
Gridware;0;3
Grin Scooters;1;5
GroMo;0;2
GrowthBook;0;2
Guac;0;2
Guardian AI;0;2
Guardian Bio;1;1
Guardian RF;0;3
Guggy;1;1
Guide Labs;0;2
Gullak.Money;1;2
Gumloop;0;2
GuruHotel;0;3
Guse;0;2
Gustav;0;5
Gym Class;0;3
H3X Technologies;0;3
HECCO Technologies Inc (Prescribe);0;3
HENRY;1;3
HOKALI;0;2
HUBUC;0;2
HUD;1;2
HYBRD;1;3
Hadrius;0;3
Haiku;0;1
Halolife;0;2
Hamming AI;0;2
Hammr;0;2
Handl;0;3
Hannah Life Technologies;0;1
Hapi App;0;3
Haplotype Labs;0;1
Happenstance;0;1
Happl;0;2
HappyRobot;0;3
Harbera;2;0
Harmoney;1;2
Harmonic Discovery;0;3
Harper;0;2
Hatch;0;2
Hatchet;0;2
Hatchways;0;1
HauteDay;0;2
Haven_1;0;3
Haven_2;0;3
Haystack;0;2
Haystack Software;0;2
Haywheel;0;2
Hazel;0;2
Headstart;0;2
Healia Health;0;1
Health Harbor;1;2
HealthKey;0;1
HealthSpark;0;2
Healthtech 1;0;2
Heart Aerospace;1;1
HeartByte;2;0
Hedgehog;1;1
Hegel AI;0;1
Helicone;0;4
Helium;0;3
Helium Health;0;4
Hellobill;0;2
Hellosaurus;0;1
HelpNow;0;3
HelpWear;0;2
Helpcare AI;0;2
HelperAI;0;2
Hemingway;0;2
Henry;0;2
Hent;0;3
Heptabase;1;1
Hera;1;1
Herald;0;2
Here;0;2
Hermes Robotics;0;2
Hero;0;2
Heroic Labs;0;3
Heroic Story;0;2
Heron Data;0;3
Heru;0;2
Hestus;0;2
Hexel;0;2
Hey Healthcare;1;1
Hey Revia;0;2
HeyDoctor;0;3
HeyFood;1;1
HeyPurple;0;3
Heyday Health;0;3
HiGeorge;0;2
Hickory;1;2
Hideout;1;0
High Earth Orbit Robotics;0;2
Highlight;0;2
Highrise;0;2
Hilos;0;2
Hingeto;0;3
HippoBuild;0;2
Hiration;0;2
HireSure;0;5
HireSweet;0;3
HitPay;0;2
Hive Health;2;0
Hivy;1;2
HockeyStack;0;3
Hogaru;0;3
Holacasa;0;1
Holy Grail;0;1
HomeBreeze;0;3
HomeRoom;1;3
Homeflow;0;2
Homestead;0;3
Hona;0;3
Hona AI;2;1
Honeydue;0;2
Honeylove;1;0
Hoop.dev;0;1
Hoss;0;3
HotelFlex;0;3
Hotplate;0;3
Hotswap;0;2
Houm;0;3
Howdy;1;1
HoyTrabajas;0;4
Hubla;0;3
Hublo;0;8
Huddlefire;1;1
Hudson Labs;1;2
Hudu;0;2
Humaans;0;2
HumanLayer;0;1
Humand;0;2
Humane Genomics;0;1
Humanlike;0;1
Humanloop;1;4
Humanly.io;0;2
Humi;0;4
Hunter2;0;1
Hush;0;3
Hutsy;0;2
Hydra;0;2
Hylight;0;3
HypaHub;0;1
Hype;0;1
Hype and Vice;2;0
Hyper;0;2
HyperDX;0;2
HyperGlue;0;2
HyperTrader;0;3
Hyperbeam;0;3
Hyperbound;0;2
Hypercontext;0;2
Hypercore;0;4
Hypermile;0;1
Hyperplane;0;2
Hyperseed;0;2
Hypnos;0;2
Hypotenuse;0;2
INKHUNTER;1;1
IOMETE;0;2
ISSEN;0;2
Iambiq;2;0
IcePanel;0;2
Idemeum;0;1
Iliad;0;1
Illuminant Surgical;0;2
Imbue;0;2
Impactive;0;2
Impossible Metals_1;1;3
Impossible Metals_2;1;2
Impraise;0;4
In Stock;0;1
InQuery;0;2
InVision Medical Technology;0;1
Inari;0;2
Incentivai;0;1
Index;0;2
Indivio;0;1
Industrial Next;0;2
Inedit;0;3
Infield;1;2
Infinia;0;2
Infinite;0;2
Infinity;0;2
Infinity AI;1;2
Infisical;0;3
Infiuss health;1;0
Inflow;0;3
Infobot.ai;0;3
Infra;0;2
Infracost;0;3
Inito;0;2
Inkeep;0;2
Inlet;0;2
Innate;0;2
Inokyo;0;2
InpharmD;1;1
Inri;0;3
Inscribe;0;2
Insight Browser;1;1
InsiteVR;0;2
InspectMind;1;1
Inspector Cloud;0;1
InstaKin;0;2
Instabug;0;2
Instaclass;0;3
Instalab;1;1
Instant;0;2
Instavest;0;3
Instinct;0;4
InsureMyTeam;0;2
Intact Therapeutics;0;2
Integrated Reasoning;0;2
Integration Labs;0;3
Intelline;0;2
Intercept;1;1
Interlock;0;2
Intersect Labs;0;2
Interstate Analytics;0;3
Interviewed;0;3
Intrinsic;1;1
Intryc;0;3
Intuned;0;2
Invaria;0;3
Inventive AI;0;3
Inversion;0;2
Inversion Semiconductor;0;2
Invert;0;3
Invitris;0;2
Invocable;0;3
Invofox;0;3
Invoke Labs;0;2
Invopop;0;2
IoTFlows;0;2
Ionworks;0;2
Iris Automation;0;2
Isibit;0;1
Ivella;0;3
Ivy Homes;0;2
IvyCheck;0;2
JITX;0;4
Jaldi;0;1
Jam.gg;0;2
Jamble;1;2
Jamiphy;0;1
Jasper;0;3
Javelin Robotics;0;2
Jeevam Health;0;2
Jemi;1;1
Jenfi;0;2
Jestor;0;2
Jet Admin;0;2
JetLenses;0;1
JetPack Aviation;0;1
Jido Maps;0;2
Jiga;0;3
Jitsu;0;2
Jitter;0;2
JoinSub;0;1
Joon Health;0;3
Jopwell;0;2
Journalize;0;1
Journey;0;3
Joy;0;2
Juicebox;0;2
Juicy Marbles;0;4
Julius AI;0;1
JumpWire;0;2
Jumpcut;0;2
Junction Bioscience;0;1
Junction_1;0;1
Junction_2;0;3
June;0;2
Juni Learning;2;0
Jupe;0;2
Jupiter;1;3
Jusoor Labs;0;1
Just Appraised;0;2
Just Words;1;0
Justo;0;2
JuziBot;0;1
K-Scale Labs;0;3
KURUKURU;2;0
Kaagaz;0;3
Kabilah;1;1
Kable;0;1
KaiPod Learning;0;1
Kairo Health;0;2
Kalam Labs;1;2
Kamion;0;1
Kanda;0;3
Kapacity.io;1;2
Karat Financial;0;2
Karate Labs;0;2
Karmen;0;2
Karoo;0;3
Karsa;0;2
Kart AI;0;2
Kashin;0;2
Kaso;1;1
Kastle;0;2
Kater;1;1
Keeling Labs;0;1
Keep;0;3
Keeper_1;0;1
Keeper_2;0;2
Keet;0;2
KemNet;1;0
Kenota Health;0;2
Kern Systems;0;2
Kernal Biologics;0;3
Kestrel Materials;0;1
Keylika;0;2
Keynua;1;3
Keyri;0;2
Keywords AI;0;3
Khabri;0;3
Khoj;1;1
Kickpay;0;5
KidPass;0;3
Kidato;0;1
Kimono Labs;0;2
Kindly His;1;0
Kingdom Supercultures;0;2
Kino AI;0;2
Kinside;2;2
Kiosk;0;2
Kip;1;1
Kips Health;0;1
KiranaKart;0;2
Kisan Network;0;2
Kitchenful;0;2
Kite;0;2
Kitemaker;0;2
Kivo Health;0;2
Kiwi Biosciences;1;1
Kiwify;0;2
Kiyo Robotics;0;1
Klarismo;0;2
Klarity;0;2
Klir;1;1
Known Medicine;2;0
Koala;0;2
KoalaOps;0;4
Kobalt Labs;2;0
Kodda;0;2
Kodo;1;1
Koko;0;3
Kombo;0;4
Konstructly;0;3
Konta;0;3
Kontigo;0;2
Kontractify;0;3
Kopa;1;2
Kopra Bio;0;2
Kosh;0;2
Koshex;1;1
Kosmos;0;2
Koywe;0;2
Kraftful;2;0
Krave Mart;0;4
Kredi;0;4
KubeSail;0;2
Kudi;0;2
Kula;0;2
Kunduz;0;3
Kura;0;2
Kurios;0;2
Kyber;0;2
LUS Brands;1;0
Ladder;0;2
Ladder Therapeutics;1;0
Lago;1;1
Lalabox;0;2
Lamar Health;1;0
Lambda Tea;1;0
Lamin;0;2
Laminar;0;2
LanceDB;1;1
Lancey;0;2
Landed_1;2;0
Landed_2;0;3
Lang API;0;1
Langdock;0;3
Langfuse;0;3
Lantern;0;3
Lariat Data;0;2
Laserfocus;0;2
Lastbit;0;3
Latent;0;2
Laudable;1;0
Laudspeaker;0;2
LaunchFlow;0;3
Launcher Labs;1;0
Lavo Life Sciences;0;3
Lawn Love;0;1
Lawyaw;0;2
Layerup;0;1
Layup;0;3
Leafpress;2;0
Leap;0;1
Leap Club;0;2
Leaping;0;2
Leaping AI;0;3
Leena AI;0;3
Leeroo;0;3
Legion Health;0;3
Legistify;0;2
Legora;0;3
LemFi;0;2
LemonBox;1;2
Lenco;0;3
LendEDU;0;2
Lendsnap;0;2
Lendtable;1;1
Letter;0;4
Letter AI;0;2
Letterdrop;0;1
Let’s Do This;0;3
Level;1;3
Level Frames;0;2
Levers;0;2
Levo;0;2
Levo Financial;0;4
Levro;2;1
Life Sciences Key Technologies;2;0
LifeAt;1;2
Lifecast;0;1
Lifelike;0;2
LifestyleRX;0;4
LiftIgniter;0;2
LightTwist;0;1
Lightdash;0;2
Lighthouz AI;1;1
Lightly;0;2
Lightmeter;0;1
Lightscreen AI;1;1
Lightski;0;2
Ligo Biosciences;1;2
Lilac Labs;0;2
Lilia;1;0
LiliumX;0;2
Linc AI;0;3
Line.Build;2;0
Linen;0;2
Lingo.dev;1;1
LinkGrep;1;1
Linkana;0;4
Linkup;0;3
Linum;0;2
Lion Pose;1;1
Listle;1;1
Litnerd;1;0
Littio;0;4
LiveFlow;1;2
Livedocs;0;1
Livement;0;3
Living Carbon;1;1
Liyfe;2;0
Lizza;0;3
Local Lift;0;3
Locale;0;2
Localyze;3;0
Locent;0;2
Logarithm Labs;0;2
Logica;1;1
LogisticsOS;0;2
Lokal;0;3
Look After My Bills;0;2
Loom.ai;0;2
Loop;0;3
Loop Support;0;2
Loops;0;2
Lopus AI;0;2
Lotus;0;2
LotusPay;0;2
Lovage Labs;0;4
Lovd.com;0;2
Lowkey;0;1
Luca;1;1
Lucid;0;2
Lucid Bots;0;3
Lucidic AI;0;3
Lucite;0;2
Lucy Goods;0;2
Lugg;0;2
Lully;0;2
Lume;0;3
Lume Health;0;2
Lumenary;1;3
Lumina_1;0;3
Lumina_2;0;3
Luminai;0;2
Luminate Medical;1;2
Luminist;1;2
Lumona;2;1
LunaJoy;2;0
LunaSec;0;1
Lunatic;0;2
Lune AI;0;2
Luthor;0;2
Lygg;0;1
Lynks;0;2
Lyra;0;2
Lyrebird;0;3
MARS Auto;1;1
MICSI;0;2
Mable (Neurolytic Healthcare);1;1
Macadamia;0;2
Mach9;0;2
Machine26;0;3
MadEats;2;1
Maderight;0;3
Mage App;0;2
MagiCode;0;2
Magic;1;2
Magic Hour;0;2
Magic Instruments;0;3
Magic Loops;0;1
MagicBell;1;1
MagicBus;0;3
Magicflow;1;1
Magna;0;2
MagnaPlay;0;2
Mahaana;0;1
Maia;1;1
Maihem;0;2
Mailmodo;0;2
Mailwarm;0;2
Maitai;0;2
Maitian.ai;0;1
Maive;0;2
Makani Science;0;2
Malga;0;4
Mamabear;0;1
Manaflow;0;3
Manara;2;0
Manatee;0;2
Mandel AI;0;2
Mango Health;0;2
Manifold Freight;0;2
MantleBio;2;0
Mantys;1;1
Manycore.io;0;2
Map3;0;3
Marathon Education;0;2
Marble;0;2
Marble Technologies;0;2
MarcoPolo;0;1
Maritime Fusion;0;2
Markaz Technologies;0;4
Marketfox;0;4
Markhor;1;1
Markprompt;1;1
Maroo;1;2
MarqVision (Marq AI);0;1
Marr Labs;1;2
Martin;0;2
Mashgin;0;2
Mason America, Inc.;0;1
Massdriver;0;3
Mastra;0;3
Matagora;0;3
Matano;1;1
Materee;0;2
Material Depot;0;2
MathDash;0;2
MathGPTPro;0;2
Matidor.com;0;2
Matter;0;2
Mattermost;0;2
Maven Bio;0;2
Mayan;0;4
Mayhem;0;2
Maytana;0;1
Measured;0;2
Mecha Health;1;3
Mecho;1;1
MedMe Health;0;3
MedPiper (YC);0;3
Mederva Health;0;3
MediSearch;0;2
Medinas Health;2;2
MeetAnyway;0;3
Meetingbird;0;2
Meitre;0;2
MejorCDT;0;2
Mela;0;2
Melder;0;2
Melotic;0;1
Melty;0;2
Mem0;0;2
Members.Land;0;1
Memberstack;0;2
Membo;1;1
Memfault;0;3
Memo;0;2
Mendel;1;2
Mentat;0;3
Menten AI;0;3
Mentorcam;0;2
Mentra;0;2
Mentum;0;3
Menza;1;1
Mercator;0;1
Mercoa;0;2
Mercura;0;3
Mere Coffee;0;2
MergeQueue;1;1
Merlin AI;2;1
MerryMint;1;0
Merse;0;2
Meru_1;0;2
Meru_2;1;5
Mesh;2;3
Metacode;0;1
Metafi;0;2
Metal_1;0;1
Metal_2;1;2
Metalware;0;2
Metamanagement;0;1
Metapacket;0;3
Metaphor;0;1
Metaphor Systems;0;2
Meter Feeder;0;2
Method Financial;0;3
Meticulate;0;2
Meticulous;0;1
Metlo;0;2
Metofico;0;2
Metoro;0;1
Metreecs;0;3
Metriport;0;2
Mezli;0;3
MiPOSDev;0;2
Mica AI;0;3
Microverse;0;1
Middesk;0;2
Middleware;0;2
Miden;1;1
Midship;0;3
Midtype;0;2
Miggos;0;2
Mighty Buildings;0;4
Mighty Health;0;3
Mightyapp;0;1
Milio;1;2
Milk Video;0;2
MilkRun;1;2
Milky Way AI;1;1
Million;0;1
Million Marker;2;0
Milo;0;2
Mimir;0;3
Mind Emulation Foundation;0;1
MindFi;1;3
MindPortal;1;2
Minded;0;2
Mindely;2;2
Mindori;0;2
MindsDB;0;2
Mindset Health;0;2
Mineflow;0;1
MineralSoft;0;2
Minerva Intelligence;1;0
Minimall;1;1
Minimum;0;3
Mintlify;1;1
Mintplex Labs;0;1
MinusX;0;3
Miracle;0;1
Mirio;0;2
Mirror Emoji Keyboard;0;2
Mirrorful;0;2
Miru;0;4
Miso;0;2
Misprint;1;1
Mistro;1;1
Mito;0;2
Mito Health;0;4
Miyagi Labs;0;2
Mobot;1;0
MobyDish;0;1
Modal;0;1
Model ML;0;2
Modern Fertility;2;1
Modern Realty;0;2
Modern Village;0;1
ModernLoop;1;1
Modernbanc;0;1
Modoo;0;1
Modulari-T Biosciences;1;1
Modus;1;1
Mogara;1;1
Moichor;0;3
Mojo;1;1
Momence;0;2
Momentic;1;1
Momento;1;2
Momentu;0;2
Moneytis;0;2
Mono_1;0;4
Mono_2;0;2
Monterey AI;0;2
Monthli;0;3
Monto;1;1
Mooji Meats;1;1
Moonglow;1;1
Moonshine;0;2
Moonshot Brands;0;3
Morada Uno;1;2
Moreta;0;2
Morf Health;0;2
Morph;0;1
Morphle Labs;0;2
Mosaic;0;2
MosaicVoice;0;2
Moving Parts;0;2
MovingLake;0;2
Movley;0;1
Mozart Data;0;2
Mozper;1;2
Mudafy;0;2
Muffin Data;0;2
Multiply Labs;2;2
Multis;0;2
Multiverse;1;2
Mundo AI;0;4
Munily;2;2
Muse;0;2
Museum of Future Experiences (MoFE);0;1
Mutable.ai;0;1
Mutiny;1;1
Muzz;0;2
My NextDerma;0;2
MyPetrolPump;0;2
MySivi AI;0;3
MySycamore;0;1
Mylk Guys;0;3
Myria;0;3
Mystery Science;0;2
Mystic;0;2
Mystro;0;3
Mythia;0;2
Mytos;0;2
NFTScoring;0;2
NODE;1;1
NUMI;0;2
Nabla Bio;1;1
Naborly;0;2
Nala;0;1
Nango;0;2
Nano Technologies;0;2
Nanograb;1;2
Nanonets;0;2
Nara;1;2
Narrative;0;2
Narrator;0;4
Nasdisc;0;1
Nash;0;2
NavTrac;0;2
Navattic;0;3
NavierAI;0;2
NearWave;0;1
Nebo;0;2
Nebula;1;1
Nebullam;0;3
Nectar;1;1
Necto;0;2
Neodocs;0;3
Neon;1;1
Neosync;0;1
Neowize;0;3
Neptyne;0;2
Nest Genomics (YC W22);1;1
Nestor;1;1
Nestybox;0;2
Netmaker;0;1
Netomi;0;1
Nettrons;1;1
Neverland;2;0
NewCraft;0;2
Newman's;0;3
NewsCatcher;0;2
NexGenT;0;2
NexTravel;1;0
NextPay;0;2
NextUX;0;1
Nextbyte;0;2
Nextmv;1;1
Nextop IO;0;1
Nexu;0;3
Nia;0;1
Niles AI;0;1
Nimble;2;0
Nimbus;0;2
Nino Foods;0;2
Nirva;0;3
No Cap;0;6
Nobell Foods;1;0
Noble;1;1
Noloco;0;2
Nomad Rides;0;3
Nomba;0;2
Nomi;1;2
Nomic;0;4
Nomod;0;1
Nonu Care;0;1
Nook;0;2
Nophin;0;3
Northwind;0;1
Notabene;2;2
Notable Labs;1;3
Notebook Labs;0;3
Nototo;1;1
Nourish;1;2
Nova;0;1
Nova AI;0;2
Novig;0;3
Novoflow;0;1
NowPay;0;2
Nowadays;2;0
Noya;0;2
Noya Software;0;2
NuMind;0;2
Nuanced;0;2
Nuclear Software;0;2
NudgeLabs;0;1
Nugget;0;1
Nullstone;0;2
Numeral;0;3
Numericcal;0;3
Numida;2;1
Numo;0;3
Nuntius Therapeutics;1;1
Nutrigene Inc.;0;2
Nuvocargo;0;2
Nyckel;0;3
ODWEN;0;2
OSIMple;1;1
OWNY;1;1
Obento Health;0;2
Obie;0;2
Observa;0;1
Observant AI;0;2
Obsidian Labs;2;1
Occosoft LLC;0;1
Ochre Bio;0;2
Oco Meals;0;1
Octifi;0;2
Octolane AI;0;2
Ocular AI;0;2
OddsView;0;5
Odigos;1;1
Odo;1;1
Odys Aviation;0;1
OfOne;0;2
OffDeal;0;2
Officely;0;2
Offstream;1;1
Ohm;0;1
Ohmic Biosciences;0;2
Oico;0;2
Okani;1;4
Okay;0;2
Oki;0;2
Okteto;0;3
OlaClick (YC W21);1;3
Ole Shop;0;3
Olive;0;2
Olive Legal;0;2
Ollama;0;2
Olympian Motors;1;1
Oma Care;1;1
Omni;0;3
OmniAI;1;1
Omnidock;0;3
Omnistrate;0;2
OnScale;2;2
Onboard (Onboard.io);0;4
Once App;0;2
Oncobox;0;2
OneChronos;1;1
OneFin;0;3
OneGraph;0;2
OneGrep;0;2
OneKey;0;1
OneSchema;1;1
OneShop;0;2
OneStopKitchen;0;2
OneText;0;2
Oneistox;1;3
Oneleet;1;2
Oneloop;0;2
Onfolk;1;1
Onlook;0;2
Onsite Pro;0;2
Ontop;0;3
Ontra Mobility;0;2
Onu;1;1
Onward;0;2
Onyx;1;1
Onyx Private;0;3
Opearlo;0;1
Open;0;2
Open Listings;0;3
OpenFoundry;0;2
OpenFunnel;0;2
OpenInvest;0;3
OpenMeter;0;3
OpenPhone;1;1
OpenPipe;0;2
OpenReplay;0;1
OpenSight;2;1
OpenUnit;1;1
OpenWrench;0;2
Openbase;0;1
Opencall.ai;0;4
Openland;0;2
Openlayer;0;3
Openmart;1;1
Operand;0;3
Operator;0;2
Opfin;0;1
Ophelia;0;2
Opine;0;2
Opkit;0;2
OpsBerry AI;0;2
Opslane;0;2
Opsolutely;2;1
Optery;0;3
Optic;0;1
Optifye.ai;0;2
Opvia;0;2
Orbio;0;2
Orbital Operations;0;2
Orbiter;0;3
Orca;0;1
Orchata;0;2
Orchid Exchange;0;3
Orderli;0;3
Ordinary Seafood;1;1
OrgOrg;0;1
Origami;0;1
Origami Agents;0;2
Origami Therapeutics;2;0
Osium AI;2;0
Osmind;1;1
Osmosis AI;1;1
Ostrym;0;1
Oto Health;0;2
OutSail Shipping;1;2
Outerbase;0;2
Outerport;0;2
Outfit;0;1
Outlit;0;2
Outset;0;2
Outtalent;0;2
Overfit;0;2
Overlap;0;5
Overstand Labs;1;2
Overview.ai;0;3
Ovipost;1;0
Ovlo;0;2
Oway;0;1
Oxio;0;2
Oxygen;0;1
Ozone;0;2
PAKIBLE;0;2
PAX Markets;0;2
PAYFAZZ;0;3
PAYZE;0;2
PINA Indonesia;1;2
Paasa;0;2
Pabio;0;2
Paces;0;2
Pachama;0;2
Pachyderm;0;2
Pactima;0;2
Pagaloop;0;4
Pagedraw;0;2
Pahamify;0;1
Paid;0;2
Paigo;0;1
Pair AI;0;2
Paladin Drones;0;2
Palenca;0;3
Palette;1;3
Palifer;0;2
Palla;0;2
Palmier;0;2
Palomma;0;3
Pana;0;2
Pandai;0;3
Pandan;0;2
Pando;0;2
Pando Bioscience;0;2
Paneau;0;2
Pangea;0;2
Panora;0;2
Pantheon;1;1
Pantore;0;2
Paperplane;0;3
Parabolic;0;1
Parade;0;2
ParadeDB;0;2
Paradigm;1;0
Parahelp;0;2
Parallel 1245;0;1
Parallel Bio;1;1
Parasale;0;2
Paratus Health;0;2
ParcelBio;0;2
Parea AI;0;2
Parenthoods;2;0
Paribus;0;2
Parity;0;3
Parker;0;2
Parley;0;3
Parrot Software;0;2
Parsagon;0;2
Partcl;0;2
Partna;0;3
PartnerHQ;1;1
PartnerStack;0;4
Partnered;0;2
Pashi;0;1
Pasito;2;0
Passage;0;2
Passerine Aircraft Corporation;0;1
Passiv;0;1
Patched Codes;0;2
Patchwork;1;1
Patchwork Security;0;2
Path (fka ScholarMe);0;3
PathPilot;0;2
Pathmind;0;1
Pathrise;0;2
PatientBank;0;4
Patika;0;2
Paul’s Table;1;1
Pave Robotics;0;2
PaveAI;0;1
Pax AI;1;1
PayCaddy;0;3
PayCrunch;0;1
PayMongo;0;4
PayO;0;2
Payfura;0;2
Paymobil;0;1
Paystack;1;2
Peakflo;0;2
PearAI;0;2
Pearl;0;1
Pearson Labs;1;1
Pebble;0;2
Peeba;0;2
PeerDB;0;2
Peergrade;0;3
Pelm;0;1
Pengram;0;2
Penguin AI;0;2
Penny;0;2
Pensil;0;2
Penta Medical;1;0
PeopleCQ;0;1
Pepper;0;1
Peppr AI;1;1
Per Diem;0;2
PerShop;0;2
Percept.AI;0;1
Perception Biosystems;1;1
Perfect Recall;1;1
Perfekto;1;1
Perlara;0;2
PermitFlow;0;2
PermitPortal;0;2
Permitify;0;2
Persana AI;1;1
Persephone Biosciences;1;1
Persist AI;0;2
Pesto;0;1
Pharos;0;2
Phase Biolabs;0;1
Phiar Technologies;1;2
Philippo;0;3
Phind;0;2
Phoenix Health;0;2
Phoenix Hydrogen;0;2
Phonely;0;2
Phonic;0;2
Phospho;0;2
Photoroom;0;2
PhysioHealth;2;0
Pibit;0;1
Piccolo;0;2
PickTrace;0;2
Pickle_1;0;5
Pickle_2;1;1
PideDirecto;0;4
Pideaky;0;3
Pier;1;1
Pierre;0;2
Pig;0;1
Pigeon_1;0;3
Pigeon_2;1;1
Piggy;0;3
Pillar;2;2
PillarPlus;0;2
Pilot AI;0;1
Pina Earth;1;2
Pinch;1;1
Pincites;2;1
Pine Park Health;0;3
Ping;1;2
Ping Labs;0;2
PingPong;0;2
Pinglend;0;1
Pinnacle;0;2
PipeBio;0;2
Pipekit;0;2
Pipeshift;0;3
Pippin / Rent the Backyard;0;2
Piramidal;0;2
Pirouette Medical;0;3
Pirros;0;2
Pit.AI Technologies;0;1
Pivo;2;0
Pivot Robots;0;2
Placenote;0;3
Plai;0;1
Planar;0;2
Planbase;0;2
Plane;0;3
Planet A Foods;1;1
Plate IQ;0;2
Plato;0;5
Platus;0;2
Platypus;0;1
PlayAI;0;2
Playbook;0;1
Playhouse;0;2
PlayingViral;0;2
Playmaker;0;2
Playment;0;3
Pledge Health;1;1
Plerk;0;3
Plexus Immersive Corp;0;2
Ploomber;0;2
Plover Parametrics;0;3
Pluggy;0;5
Plum Mail;0;2
Plume;1;2
Plumter;0;2
Plunzo;0;2
Pluralith;0;2
Plutis;0;2
Pluto.markets;0;2
Plutto;1;3
Ply Health;1;1
Pnoe;0;2
Pocket Worlds;0;3
PocketPod;0;2
Point;0;4
Point Card;0;3
PointOne;0;3
Pointhound;0;3
Poka Labs;1;1
Poko;0;2
PolicyFly;0;1
Polly;0;3
Polo;0;3
Poly;0;2
Polymail;0;5
Polymet;0;2
Polytomic;0;2
Ponyrun;1;2
Pop Meals;1;2
PopSQL;0;1
Popl;0;2
PoplarML;1;1
Poppy;0;2
Popsy;1;1
Portal;0;1
Portalform;0;1
Porter;0;3
Portão 3;1;1
Posh;0;2
Positional;0;2
Potion;0;4
Povio App;0;3
Powder;0;5
Power Router;1;0
Power to the Brand;1;1
PowerUs;0;2
PowerX;0;1
Powerhouse AI;0;2
Pragmatic Leaders;1;1
Pramp;0;3
Praxim;0;1
Praxis AI;0;2
Praxos;0;2
Prayas Analytics;0;2
PreDxion Bio;1;2
PreFlight;0;2
Precious;0;2
Precip;0;3
Preclusio;1;1
PredictLeads;1;2
Prefix;0;1
Preki;0;4
Prelay;1;1
Preloop;0;2
Prembly;0;3
Prenda;1;2
Prendea;0;2
Prequel;0;2
Presti;0;4
Pretty Instant;0;5
Pretzel AI;0;2
Priime;1;3
PrimeVault;0;3
Prism Labs;0;2
ProSights;0;3
Proception;0;2
ProcessLabs.ai;0;2
Procol;0;2
Procoto;0;2
ProdTrace;1;1
Prodigal;0;3
ProhostAI;0;2
Prolific;1;2
Promakhos Therapeutics;1;1
Prometheus;0;1
Promi;1;1
Promise;2;0
Promoted.ai;0;2
Prompt;0;2
PromptArmor;0;2
PromptLoop;0;1
Promptless;1;1
Pronto;1;2
Proof;0;3
Proof Trading;0;1
PropReturns;0;3
PropRise;0;2
Propaya;0;2
PropelAuth;0;1
Proper;0;2
Propify;0;3
Prospa;1;2
Protegee;2;0
Protego Solutions;0;2
Protex AI;0;2
Proven Skincare;1;1
Provision;0;2
Proxis;0;2
Proxy;0;2
Pry Financials;1;3
Psychic;0;2
Psylaris;0;3
Public Recreation;1;1
PullRequest;0;4
Pulley;1;0
Pulpix;0;2
Pulppo;0;2
Pulse_1;0;2
Pulse_2;0;2
Pump;1;0
Pure;0;1
Purpose Finance;1;2
Pursuit;0;2
PushMarket;0;2
Py;0;2
Pyka;0;4
Pylon_1;0;3
Pylon_2;0;2
Pylons;0;1
Pyrls;0;1
Pyroscope;0;2
Pythagora;0;3
Pyxai;1;1
QFEX;1;1
QUIK;0;2
Qoohoo;0;2
Quadrant Eye;1;1
Quadrant Health;1;1
Quan;2;0
Quantbase;0;3
Quantic;0;2
Quantierra;1;3
Quantstamp;0;2
Quantstruct;0;2
Quary;0;2
Quell;0;4
Query Vary;0;2
Quest;0;1
Quetzal Labs;0;2
Queue;0;2
QuickVid.ai;0;1
Quickcard;0;2
Quill;0;2
Quill AI;0;2
Quilt Data;0;2
Quindar;0;6
Quivr;0;3
Quota Lab;1;2
Qwest (YC W19);0;2
REZI;0;2
RTHM;1;1
RadMate AI;0;2
Rada;0;2
Radical;0;2
Railbird;0;2
Rain AI;0;3
Rainbow;0;3
Rainmaker;0;2
Rally;0;2
Rally UXR;0;2
Rally Video;1;2
Ramani;0;3
Ramberwave;0;2
Ramen VR;1;1
RankScience;0;2
Rastro;0;3
Raven;0;2
Raven Tech;0;3
Ravn;0;1
Raycast;0;2
Raycaster;0;2
Raz;0;2
ReJot;0;2
ReSchedule;1;0
Reach;0;1
ReadMe;0;2
Rebank;0;2
Rebellyous Foods;1;0
Rebill;0;3
Rebolt;1;1
Recall.ai;1;0
Recase;0;2
RecipeUI;0;1
RecordBook;0;2
Recover;0;2
Recurrency;0;1
Red Barn Robotics;0;3
RedBrick AI;0;2
Redbird;2;0
Reditus Space;0;2
Redouble AI;0;3
Redspread;1;1
Reducto;0;2
Reebeez;1;0
Refine;0;3
Refinery;0;2
Reflect;0;2
Reflex;0;2
Reforged Labs;0;2
Reform;0;3
Refund Giant;0;3
Regatta Storage;0;1
Regology;0;3
Rehook.ai;0;4
Rejoy Health;1;1
Relari;1;1
Relate;1;3
Relationship Hero;1;1
Relay;0;2
Release;0;3
Reliance Health;0;3
RelianceHMO;0;3
Remade;0;4
Remedial Health;0;2
Remi;0;2
Remo;0;2
Remora;1;2
Remy Security;0;2
Renderlet;0;1
Replicate;0;1
Replika;1;0
Replit;1;1
Replo;1;0
Reploy;0;1
Repool;0;2
Reprompt;0;2
Requestly;0;3
Rescript;0;3
Resend;0;2
Reshape Biotech;0;3
Resonance;0;1
Respaid;0;1
Response;0;3
Resquared;0;2
Restocks;0;1
RetailReady;2;0
Retell AI;4;2
Rethoric;0;1
Reticular;0;2
RetroFix AI;0;2
Retrofit;2;0
Revamp AI;0;2
Revel;2;0
ReverCare;1;1
Reverie Labs;0;3
Revery AI;0;2
Revi;0;2
Revideo;0;2
Revise Robotics;0;2
Revision Dojo;1;2
Reviving Mind;1;1
Revl;0;3
Revlo;1;3
Revolve Surgical;0;3
Revoy;0;1
Revyl;1;1
Rewbi;0;2
Reworkd;0;3
Reworks;0;2
Rhythmm;0;2
Ribbon;0;2
Ribbon Health;0;2
RideAlong;2;0
RigPlenish;2;0
Riley;0;2
Rinse;0;2
Rinsed;0;3
Rio;0;3
Riogrande;0;4
Riot;0;2
RiskAngle;0;2
RiskCube;0;1
Risotto;0;3
Rivet;0;2
Riveter AI;2;0
Rivia.AI;0;2
Riviera;0;3
Riya Collective;1;1
Roame Holdings;0;3
Roark;0;2
Robby Technologies;0;2
RoboTire;0;2
Roboflow;0;2
Rocketable;0;1
Roe AI;0;2
Roforco;0;2
Roger;0;2
Roin Technologies;0;2
Rollstack;0;3
Rome;0;1
Roofr;0;2
Room Service;0;3
Roomblocker;0;2
Rootly;0;2
Ropeo;0;3
Rose Rocket;0;3
Rosebud AI;1;0
Rosebud Biosciences;0;2
Rosettic;0;2
Roundabout Technologies;0;2
Roundtable;0;1
Routable;0;2
Routine;0;2
Rove;0;2
RoverX;0;3
RowBoat Labs;1;2
Rownd;1;3
Rubber Ducky Labs;2;0
Rubbrband;0;3
Ruby Card;0;3
Ruffo;0;1
Rulebase;0;2
Rulebricks;0;1
Rume;0;1
RunKit;0;2
RunLocal AI;0;3
Runway;1;3
Ruth Health;2;0
Rutter;0;2
Ruuf;0;3
Ryvn;0;2
SAMMY Labs;0;2
SBX Robotics;0;3
SFOX;0;2
SID;1;2
SMBRate;0;1
SNR Audio;0;2
SPATE;1;1
SPRX Technologies;0;2
SRE.ai;0;2
SST;0;2
STYLEBEE;1;0
Sable;0;3
SafeBase;0;3
SafeButler;1;1
Safely Finance;0;2
Safepay;0;2
SafetyKit;0;3
SafetyWing;1;2
Sail;0;2
Sakneen;0;2
SalaryBook;2;0
SalaryBox;0;2
Saldor;0;2
SalesPatriot;0;3
SalesSift;0;2
Saleswhale;1;2
Salient;0;2
Salt;1;1
Salvy;1;3
Sameday;0;2
Sameplan;0;2
Samos;0;2
Sandbox Banking;1;1
Sandra AI;0;3
Santé;0;2
Sanvivo;0;4
Saphira AI;0;2
Sapling.ai;0;1
Sarus;0;3
Satchel;1;2
Satsuma;0;2
Saturn AI;1;2
Savvy;0;1
Sayana;0;1
Scanbase;0;2
Scanwell Health;0;1
Scaphold, Inc. (acquired by Amazon);0;2
SchemeFlow;0;3
Schoolable;1;1
SciPhi;0;1
Scispot;0;4
ScopeAI;1;1
Scout;0;2
Scrapybara;0;2
Scribe;1;1
Scrimba;0;2
Scritch;2;0
Seaflight Technologies;0;2
Seals;0;4
Seam;1;1
Searchlight;2;0
Secoda;0;2
Second;0;1
Seed;0;2
Segmed;1;3
Segments.ai;0;3
Segna;0;2
Sei;0;2
Seis;0;2
Selera Medical;1;1
Selfycart;0;2
Selia;0;2
Semantic Finance;0;2
Send Reality;0;1
SendMe;0;1
Sendbox;0;2
Sendo;0;1
Seneca Systems;0;2
Sennu AI;0;2
SenpAI.GG;0;2
Sensei Robotics;0;2
Sensible Biotechnologies;0;1
Senso.ai;0;2
SensorSurf;0;1
Sepal AI;1;1
Sepsis Scout;0;2
Serial;0;2
Serica;0;3
Serinus Biosciences;0;2
Sero;0;2
Sero AI;0;1
Serra Technologies;0;2
SevnAI;1;1
Shadeform AI;0;3
Shape;0;2
Shaped;0;3
SharpestMinds;0;2
Shasta Health;0;2
Shef;0;2
Shelf;0;2
Shelf Engine;0;2
Shepherd_1;1;2
Shepherd_2;0;3
Sherloq;1;2
Sherpa Labs;0;2
Shiboleth;1;1
Shield Bio;0;2
Shift Health;0;3
Shift Messenger;0;2
ShiftDoc;1;1
Shimmer;1;2
Shinkei Systems;0;1
Shiok Meats;1;1
ShipBlu;0;3
Shipamax;1;1
Shipmates;0;2
Shiru;1;0
Shone;0;3
ShopWith;1;2
Shopagram;0;1
ShoprTV;0;1
Shopscribe;0;2
Short Story;1;1
Shotput;0;2
ShowAndTell;0;2
Shred Video;0;2
Shuttle;0;1
Shuttle Central;0;1
SiLogy;1;1
SiPhox Health;0;2
SideGuide;0;4
Sidekick;0;4
Sidekick Browser;0;1
Sidenote;0;3
Sieve;0;2
Sift Dev;0;2
Siftly;0;2
SigNoz;0;2
Siglo;0;2
Sigma AI;0;3
Sigma Genetics, Inc;0;3
SigmaOS;0;3
Signadot;0;2
Signatur Biosciences;0;2
Silimate;1;1
SilkChart;1;1
Silurian AI;0;3
SimCare AI;0;2
Simbie Health;3;0
Simetrik;0;2
Simmer;0;2
Simple AI;1;1
Simple Strips;0;2
SimpleCitizen;1;2
SimpleHash;0;2
SimpleMoney;0;1
Simplex;1;1
Simplifine;1;2
Simplify;0;3
Simplifyd;1;1
Sintellium AI;0;1
Sirdab;0;2
Sitenna;0;2
Sivo;2;0
Sixa;0;2
Sixty;0;3
Sizeless;0;2
Sketchbox;0;2
Skill Lync;0;2
Skillza;0;1
Skio;0;1
Skip Scooters;0;2
SkyLights;1;4
SkyLink;0;2
Skydropx;0;4
Skygaze;0;3
Skymind;0;2
Skyvern;0;2
Skyways;0;2
Slapdash;0;3
Slash;0;2
Slashauth;0;2
Slauth.io;0;3
Sled;0;3
Sleek;0;3
Sleep Reset;1;0
SliceQ;0;2
Sliced Investing;0;2
Slicker;0;2
SlideMail;0;1
Slidely AI;0;2
Slik;0;2
Slingshot Bills;1;1
Slingshow;1;1
Slip;0;1
Slite;0;1
Smarking;1;0
Smart Alto;0;3
SmartHires;0;2
SmartSite;0;3
Smartcuts;0;1
Smobi;0;2
Smol Coach;1;0
Smyte;0;3
Snab;0;2
Snackpass;0;3
SnapCalorie;0;2
SnapTrade;0;3
Snapboard;0;1
Snappr;0;2
Snazzy;0;2
Snowpilot;0;2
SockSoho;2;0
Soff;1;1
Softiva Creatives;0;1
Sohar Health;0;2
Sola;1;1
Solidroad;0;2
SoloSuit;0;2
Solve;0;3
Solve Intelligence;0;3
SomnApp;0;2
Somos Internet;1;2
Sonar;0;3
Sonauto;0;2
Sonia;0;3
Sonnet;0;2
Soon;0;2
Sophris;0;3
Sophys;0;1
Soraban;0;1
Sorcerer;0;3
Sorted;0;2
Soteri Skin;1;1
Soteris;0;1
Soundry AI;0;3
Sourcepulse;0;1
Sourceress;0;1
SpaceRyde;1;1
Spaceium;1;1
Spade;1;2
SpadeWorks;0;1
SpareChange;0;2
Spark;1;1
Spark Studio;3;1
SparkGift;2;0
SparkSwap;0;2
SpecCheck;0;2
Speck;0;2
Spect;0;3
Speechly;0;3
Speedscale;0;3
Speedy Brand;1;2
Spellbrush;0;2
Spenmo;0;2
Spenny;0;2
Spero Foods;1;0
Sphere;0;2
Sphere Secure Workspace;0;3
Spherecast;0;3
Sphinx;0;2
Spinach AI;0;3
Spine AI;0;2
Splash;0;2
Spline;0;1
Splitsub;0;2
Spoil;1;1
Spoken.io;0;2
Spot Health;0;1
SpotAngels;0;3
Spott;0;3
Spring in Africa;0;2
SprintAI;0;1
SproutFi;0;2
Spruce;0;2
Spur;2;0
Sqreen;0;2
Squack;0;3
Stable;1;1
Stablegains;0;2
Stably AI;1;1
Stack Auth;1;1
Stack Wealth;1;3
StackLead;0;2
Stacker;0;5
Stackshine;0;2
Stacksi;0;2
Stacksync;0;2
Stackup;0;2
Staffjoy;0;2
Stairs Financial;0;2
Stamp;0;1
Standard Cyborg;0;2
Standard Data;0;2
Starcity;0;4
Starcloud;0;3
Stark Bank;0;1
Starlight Charging;0;1
Starsky Robotics;0;2
StartClosing;0;2
StartPlaying;0;1
Station;0;3
Statiq;0;2
StayQrious;0;3
Stayflexi;0;3
Steinmetz;0;2
Stellar;2;1
Stellar Sleep;0;1
Stempad;0;1
Stepful;1;2
Stipop (YC S21);0;2
Stitch Health;0;2
Stitch Technologies;0;2
Stock Unlock;0;2
Stoic.;0;1
Storia AI;1;1
Stormy;0;2
Storyboard;0;1
Storyboarder;0;4
Storylane;0;2
StowNest Storage;0;4
Strac;0;1
Strada;0;2
StratumAI;1;1
Streak;0;3
Stream;0;2
Streamdal;0;1
Striga;0;2
Strike;1;2
Strive Education;0;2
Strobe;0;2
Strong Compute;0;1
StrongIntro;0;2
Struct;1;1
Structured Labs;1;1
Studdy;0;2
StudyStream;0;3
Sturdy;0;2
Sturdy Finance;0;1
Style Lend;1;0
SubImage;0;2
Sublime Black;3;1
SubscriptionFlow;0;1
Subsets;0;3
Substrate;0;2
Subtrace;0;2
Sudden Coffee;0;2
Suger;0;3
Suggestr;0;2
Suiteness;0;3
Summed AI;1;2
Sunlight;0;3
Sunpia;1;2
Sunset;1;1
SuperAPI;0;2
SuperKalam;0;2
SuperTokens;0;2
Superagent;0;2
Supercontrast;0;2
Superfilter;1;2
Supermedium;0;2
Supernova.io;1;4
Superorder;0;1
Superpowered;0;4
Superpowered AI;0;4
Superside;1;2
Supertone;0;3
Superunit;0;2
Superwall;0;2
Suplias;0;3
Supplant;0;2
Supr Daily;0;3
Surematics;0;1
SuretyNow;0;2
Surface Labs;0;2
Surge;0;2
Sway Finance;1;1
Swayable;1;2
Sweep;0;2
Sweetspot;0;6
Swift;0;2
SwiftSku;0;2
Swifter;1;2
Swipe;1;4
Swipehouse;0;3
Swishjam;0;2
Switchboard;0;2
Symphony;0;2
Symple;1;3
Synapsica;1;3
Synapticure;0;2
Synaptiq;0;3
Sync(YC W22);0;1
Synch;0;2
Syncly;0;3
Synder;0;2
Synkrino Biotherapeutics;0;2
Synnax;1;2
SynsoryBio;0;2
Synth;0;4
Synth AI;0;1
Synthetic Minds;0;1
SyntheticFi;0;2
Syntra;0;2
Sytex;0;4
Sywork;0;2
TAG;0;3
TAI;0;2
THEYA;0;3
TL Biolabs;0;1
TRAC;0;2
TRM Labs;0;2
TYBR Health;0;2
Taali Foods;1;1
Tab;0;3
TableFlow;0;2
Tablevibe;0;2
Tabular;0;4
Tachyon;0;2
Tackle;1;1
TagMango;0;2
Taiki;0;2
Tailfin;0;2
Tailor;1;1
Tailor-ED;2;0
Tailorr;0;3
Taiv;0;3
Tajir;0;2
Take App;0;1
Taktile;0;2
Talc AI;0;2
Tall Poppy;2;1
Taloflow;0;3
Talus Bio;1;1
TamLabs;0;2
Tamarind Bio;1;1
Tambua Health;0;3
Tandem;0;6
Tandem Space;1;2
Tangia;0;2
Tangobuilder;0;2
Tank Payments;0;3
Tantl;0;2
Taobotics;1;3
Tappity;0;4
Taro - Software Engineer Growth;0;2
Taste;0;2
Tavus;0;2
TaxGPT;1;1
Taxo;0;2
Taylor AI;0;2
TeamOut;0;2
Teamspace;0;1
TechBiz;0;2
Teclada;0;2
Tegon;0;3
Tejas AI;0;2
Telematica;0;2
Teleo;0;2
Telivy;0;3
Tella;0;2
Telmai;1;1
Telophase;0;2
Templarbit;0;2
Tempo Labs;0;2
Tenderd;0;1
Tenjin;0;2
Tennr;0;3
Tensil;0;2
TensorFuse;0;2
TensorPool;0;3
Terapify;0;2
Terark;1;1
Tergle;0;2
Termii;1;2
Terminal;0;2
Termius Corporation;0;2
Terra;0;2
Terra API;0;2
Terrace;1;1
Terracotta AI;0;2
Terrakotta;1;2
Terusama;0;2
Tesseral;0;2
Tetra;0;2
TetraScience;1;2
Texel.ai;0;2
Text Blaze;0;2
The Ankler;1;1
The Breakaway;0;2
The Essential;0;2
The Forecasting Company;0;2
The Juggernaut;1;0
The Lobby;0;1
The Mercer Club;0;3
The Podcast App;0;2
The Sails Company;0;4
The Supplant Company;0;1
The Third Place;1;1
Thematic;1;1
Thera;0;2
ThereCraft;0;1
Therify;0;2
Theseus;0;3
Thread;0;3
Thryft;1;1
Thunder Compute;0;2
Thunkable;1;2
Thyme;0;2
Tienda Dólar;0;3
TigerEye;1;1
Tile;2;0
Tilt;0;3
Tinai;0;2
Tingles;1;1
Tint.ai;0;3
Tiny;0;2
Tipe;0;3
Tiptap;0;6
Tire Swing;0;2
Titan AI;0;3
Tivara;0;2
ToDesktop;0;1
Todos Comemos;0;2
Together Video Chat;0;1
Token Transit;1;3
Toko;2;0
Toku;2;0
Tola;0;2
Toma;1;2
Toolbox;0;2
Toolchest;0;1
Toothy AI;0;3
Topkey;0;3
Topline Pro;1;2
Topo.io;0;3
Topship;0;2
TorMagnus Pharmaceuticals;1;1
Torpedo Therapeutics;1;0
Tough Commerce;0;2
Toybox;0;2
Trace;1;1
Tracecat;0;2
Traceloop;0;2
TrackChain;0;2
Trackingplan;0;4
Trackstar;0;2
TradeFlow;1;1
TradeX;0;3
Tradewind BioScience;0;3
TrainLoop;0;2
Trainy;0;2
Tranch;0;2
Tranqui;0;3
TransAstra;0;1
Transfez;0;2
Transformity;0;2
Trata;0;3
Traversal Networks;0;1
Traverse Technologies;0;2
Trayd;2;0
Treble.ai;0;3
Trebol;0;2
Treinta;0;2
Trela;0;3
Trellus;0;2
Tremor;0;2
Trench;0;2
TrendUp;0;1
Trendex;1;1
Trendpop;0;2
Tress;3;0
Trestle;0;1
Tributi;0;2
Trident Bioscience;0;1
Trieve;0;2
Trigger.dev;0;4
Trigo;0;2
TripleZip;0;2
Triplebyte;0;3
Triplit;0;2
Trove;0;1
TrueBiz;0;3
TrueClaim;1;1
TrueNorth;0;2
Trueplace;0;1
Truewind;0;2
Truffle AI;0;2
Truora;1;3
TrustedFor;1;2
Trusty;0;2
Trusu;0;3
Truva;1;1
Tuli;1;1
Tupelo;0;2
Turing Labs;0;2
Turion Space;0;3
Turntable;0;3
Tusk;0;2
Tuva Health;0;2
Twenty;0;3
Twenty (YC S23);0;1
Twine;0;3
Two Dots;0;2
Tydo;0;2
Tyltgo;0;2
Type;0;2
Typedream;2;3
Uberduck;0;1
Ubicloud;0;3
Udhaar Book;1;2
Uh-Oh Labs;0;2
Uiflow;1;1
Ukama;0;1
Ultra.tech;0;4
Ultralight;0;1
Umbria;0;3
Unai;0;2
Unbound Security;0;2
Unbox AI;0;2
Uncommon Therapeutics;0;2
Uncountable;0;3
Undermind;0;2
Unflow;1;2
Unfurl;1;3
Unhaze;0;1
Unicorn;0;1
Unicornly;0;1
Unify;0;1
Unima;1;3
Union Apartment;0;3
Union54;1;2
Univerbal;0;3
Universe;0;1
Unlayer;0;2
Unlogged;0;2
Unnyhog;1;2
Unravel Carbon;1;1
Unsaddl;0;2
Unsloth AI;0;2
Unstatiq;0;2
Untether Labs;0;2
Unthread;0;2
UpBanx;1;2
UpCodes;0;2
UpKeep;0;1
UpLabs;1;1
UpLink;0;4
UpTrain;1;2
Upcall;0;2
Update;0;3
Upfort;0;3
Upfront;0;2
Upshift;0;2
Upsolve AI;0;2
Upstream;0;2
UrbanKisaan;0;3
User Hero;1;1
UserGems;0;2
Usul;0;3
UtilityScore;0;1
V-Flow Medical;0;2
VOIQ;1;2
Vaero;0;2
Valari;0;2
Validere;0;2
Valienta;0;3
Valink Therapeutics;0;2
Valiu;0;3
Valora;0;2
Value Voting;0;2
Vance;0;1
Vango AI;0;2
Vanhawks;0;2
Vanido;1;0
Vansec;1;1
VantedgeAI;0;2
Vantel;2;0
Vapi;0;2
Varden Labs;0;3
Variant;0;2
Varos;1;2
Vathys;0;1
Vatler;0;3
VaultPay;1;1
Vecindario;0;2
Vector;0;2
VectorShift;0;2
Vectordash;0;3
Vectorview;0;2
Vectrix;0;2
Veera Health;1;1
Veles;0;2
Vellum;1;2
Velontra;0;2
Velorum Therapeutics;0;2
Velt;1;1
Vendah;1;3
Vendease;0;4
Vendoo;0;4
Vendr;0;2
Vendra;0;2
Vendy;0;2
VenoStent;0;2
Venta;0;2
Venu;2;3
Venue;0;2
Vera Health;0;2
Verbiflow;0;2
Verde;0;2
Verdn;0;2
Verifiable;0;2
Verihubs;0;2
Vernox Labs;0;2
Verse;1;1
Verse Medical;0;1
Versori;0;2
Veryfi;0;2
Vespper;2;0
Vessel;0;2
VetPronto;1;3
VetRec;0;2
Vetcove;0;2
Vetnio;0;2
Viaopt;0;2
Vice Lotteries;0;1
Vidcode;3;0
Viddy;0;2
VideoGen;0;2
Vigilant;0;2
Village Labs;0;2
Vimcal;0;2
Vimmerse;0;1
Vinco;1;0
Vinebox;1;1
Viosera Therapeutics;0;2
Virtually;0;1
Visly;0;1
Vista;1;0
Vista Power;0;3
Visual One;0;2
Vitable Health;0;1
Vitalize Care;0;3
Vitau;0;2
Viva Labs;0;2
Viya;0;2
VizeraLabs;0;2
Vizly;0;2
Vizy;0;2
Vizzly Technology;0;2
Vobi;0;4
Vocality Health;1;1
Vocode;0;2
VoiceOps;1;2
Voicepanel;0;2
Void;0;2
Volk Fi;0;2
Volopay;0;2
Volt Health;0;1
Voltic;0;3
Volumetric;0;2
Voodoo Manufacturing;0;4
Vooma;0;2
Voosh Software technologies;0;3
Vora AI;0;1
Vori;0;3
VotingWorks;0;2
Vovana;0;3
Voyage Biomedical;1;2
Vue Storefront;0;3
WANTD;1;3
Wallarm;0;2
Wand Solar;0;2
Wanderlog;0;2
WareIQ;0;2
Warmly;2;2
Warp;0;1
WarpBuild;0;1
Warpfy;0;2
Warrant;0;2
Wasmer;0;1
Wasp;0;2
Watto AI;1;2
Wattson Health;0;2
Watu;0;1
Waveline;0;4
Wavy Music;0;1
Waydev;0;2
Waypoint;0;2
Waypoint Transit;0;2
WaystoCap;1;3
WeReno;0;2
WeWeb;0;3
WeatherCheck;0;2
Weav;1;2
Weave;0;2
Weave Robotics;0;2
Weavel;0;3
Webiny;0;2
Weekday;0;4
Weel;0;2
Welcome;0;3
Weltio;0;2
Whalesync;0;2
Whaly;0;3
WheelStreet;1;1
WhiteLab Genomics;0;2
Whiz;1;2
Wibond;1;2
Wifi Dabba;0;2
Wild Moose;1;2
Wildcard;0;2
Wildfire;0;4
Willing;0;2
Willow;0;3
Windmill;0;1
Windsor.io;0;2
Windwalk Games;0;3
Winford AI;0;2
Wing It;0;2
Wingback;0;2
Wingman;1;2
Wink Health;0;1
Winno;0;1
Winter;1;1
Withfriends;1;2
Wmastersolutions (PVT) Ltd;0;1
Wolfia;0;1
Women.com;1;1
Wondercraft;0;3
Woody Library;1;0
Wordware;0;2
WorkClout;0;3
Workbase;0;2
Workbench;0;2
Workflow86;0;2
Worklytics;0;2
Workpage;0;2
Worksphere;1;2
WorldCover;0;2
WorldQL;0;1
Woz;0;2
Wren;1;2
Writesonic;0;1
Wuri;0;2
Wyndly;0;2
X-ZELL;0;1
XTraffic;0;3
Xberts;0;2
Xeol;0;2
Xkit;0;1
Yarn;1;1
Yassir;0;2
Yemaachi Biotechnology;1;3
Yenmo;0;2
Yezza;0;2
Yondu;0;2
YonedaLabs;0;2
YouShift;1;2
YouTeam (YC W18);0;3
YourQuote;0;2
Ysplit;0;3
Yuma AI;0;1
Yummy;0;1
Yunit;0;1
ZOKO;0;2
Zaam;1;1
Zaraz;0;2
Zaymo;0;2
Zazos;0;3
Zeal;1;1
Zealth;1;1
Zeit AI;0;2
Zeit Medical;0;2
Zelos Cloud;1;2
Zelos Gaming;0;2
Zen;0;2
Zen99;0;2
Zenamins;0;1
Zenbase AI;0;2
Zenfetch;0;2
Zensors;0;2
Zenysis;0;2
ZeoAuto;0;3
Zep AI;0;1
Zeplin;1;3
Zergo;1;2
ZeroDev;0;1
ZeroEntropy;1;1
ZeroPath;0;4
Zestful;0;3
Zeta Surgical;0;3
ZiffyHomes;0;3
Ziina;1;2
Zimi;1;1
Zinc Platform;0;2
Zinc Save;0;1
Zingbus;0;3
Zinite;1;2
ZipSchool;1;0
Zippi;1;2
Zitara Technologies;0;2
Zoios;0;2
Zoltar;0;2
Zoomer;0;2
Zorba;0;2
Zuddl;1;1
Zumo Labs;1;3
Zuni;0;2
Zynq;0;2
Zyper;1;0
a0.dev;0;2
arketa;1;1
arnata;0;1
askLio AI;0;3
askMyClass;1;0
assistant-ui;0;1
autone;0;2
awen;0;1
beU delivery;1;2
boitas.com;0;3
buzzle.ai;0;3
bxblue;0;3
camelAI;2;1
careCycle;0;2
clearspace;0;2
coil;0;2
dNovo Bio;0;2
dawn;0;3
deepsilicon;0;2
devmark.ai;0;1
dili;1;2
ditto;2;0
dmodel;0;2
doola;0;2
dyte;0;3
earnJARVIS;0;2
edgetrace;0;2
emojis.com;0;2
eqtble;0;3
et al.;2;0
expand.ai;0;1
finbar;0;1
fixa;0;2
getcrux;0;3
goDutch;0;3
gonddo;0;3
hotglue;0;2
hypcloud;0;3
iLabService;1;2
iMicrobes;1;2
iSono Health;1;1
ideate.xyz;0;2
ilk;1;2
ilumadata;0;2
inBalance;0;3
inBuild;0;2
inSomaBio;0;2
inVOID;0;2
iollo;0;1
ion design;0;2
jEugene;0;1
kapa.ai;0;2
lapzo;0;1
marblism;0;2
marketfeed;0;2
mdhub;0;2
mello;0;3
moonrepo;0;2
nCompass Technologies;0;2
nsave;0;3
onederful;1;1
onetool;0;2
outloud.ai;1;1
pyq;1;1
rct AI;1;3
re-mint;1;1
rift;0;3
seer;1;1
spotLESS Materials;1;1
spritz.finance;0;1
sudocode;0;2
superglue;1;1
taxProper;0;2
telli;0;3
ten.dev;0;2
testRigor;0;5
trebu;0;2
truemetrics;0;4
uwi;0;2
vacation home rents;0;2
vly.ai;0;2
voize;0;3
wOS;1;2
wagetap;0;3
wealth42;0;2
webapp.io;1;1
xPay;0;2
yBANQ;0;3
yearend.;0;2
zPREDICTA;1;1
zeroheight;0;2
Ångström AI;1;2
á la couch;1;1
